Year,Year2,Rank,Name,Sector,Industry,Revenues,Profits,Assets,Market Value,Employees,Website,Address,City,State,ZIP,County,Latitude,Longitude
1960,1/1/1960,22,Chevron,Energy,Petroleum Refining,1564.8,253.6,,,,HTTPS://WWW.CHEVRON.COM/,6001 BOLLINGER CANYON ROAD,San Ramon,CA,94583,Contra Costa,37.75832,-121.95969
1970,1/1/1970,13,Chevron,Energy,Petroleum Refining,3825,453.8,,,,HTTPS://WWW.CHEVRON.COM/,6001 BOLLINGER CANYON ROAD,San Ramon,CA,94583,Contra Costa,37.75832,-121.95969
1970,1/1/1970,293,HP,Technology,Computers& Office Equipment,323.8,25.6,,,,HTTPS://WWW8.HP.COM/US/EN/HOME.HTML,3000 HANOVER STREET,Palo Alto,CA,94304,Santa Clara,37.41467,-122.14572
1970,1/1/1970,363,Levi Strauss,Apparel,Apparel,250.7,14.5,,,,HTTP://WWW.LEVISTRAUSS.COM,1155 Battery St,San Francisco,CA,94111,San Francisco,37.8022,-122.402279
1980,1/1/1980,6,Chevron,Energy,Petroleum Refining,29947.6,1784.7,,,,HTTPS://WWW.CHEVRON.COM/,6001 BOLLINGER CANYON ROAD,San Ramon,CA,94583,Contra Costa,37.75832,-121.95969
1980,1/1/1980,150,HP,Technology,Computers& Office Equipment,2361,203,,,,HTTPS://WWW8.HP.COM/US/EN/HOME.HTML,3000 HANOVER STREET,Palo Alto,CA,94304,Santa Clara,37.41467,-122.14572
1980,1/1/1980,167,Levi Strauss,Apparel,Apparel,2103.1,191.5,,,,HTTPS://WWW8.HP.COM/US/EN/HOME.HTML,1155 Battery St,San Francisco,CA,94111,San Francisco,37.8022,-122.402279
1980,1/1/1980,368,Intel,Technology,Semiconductors and Other Electronic Components,663,77.8,,,,HTTPS://WWW.INTEL.COM/CONTENT/WWW/US/EN/HOMEPAGE.HTML,2200 MISSION COLLEGE BOULEVARD,Santa Clara,CA,95054,Santa Clara,37.38851,-121.96375
1990,1/1/1990,11,Chevron,Energy,Petroleum Refining,29443,251,,,,HTTPS://WWW.CHEVRON.COM/,6001 BOLLINGER CANYON ROAD,San Ramon,CA,94583,Contra Costa,37.75832,-121.95969
1990,1/1/1990,33,HP,Technology,Computers& Office Equipment,11899,829,,,,HTTPS://WWW8.HP.COM/US/EN/HOME.HTML,3000 HANOVER STREET,Palo Alto,CA,94304,Santa Clara,37.41467,-122.14572
1990,1/1/1990,96,Apple,Technology,Computers& Office Equipment,5284,454,,,,HTTPS://WWW.APPLE.COM/,1 INFINITE LOOP,Cupertino,CA,95014,Santa Clara,37.33177,-122.03042
1990,1/1/1990,128,Levi Strauss,Apparel,Apparel,3627.9,272.3,,,,HTTPS://WWW8.HP.COM/US/EN/HOME.HTML,1155 Battery St,San Francisco,CA,94111,San Francisco,37.8022,-122.402279
1990,1/1/1990,137,Intel,Technology,Semiconductors and Other Electronic Components,3280.7,391,,,,HTTPS://WWW.INTEL.COM/CONTENT/WWW/US/EN/HOMEPAGE.HTML,2200 MISSION COLLEGE BOULEVARD,Santa Clara,CA,95054,Santa Clara,37.38851,-121.96375
1990,1/1/1990,265,Clorox,Household Products,Household and Personal Products,1471.2,124.1,,,,HTTPS://WWW.THECLOROXCOMPANY.COM/,1221 BROADWAY,Oakland,CA,94612,Alameda,37.80348,-122.27237
1990,1/1/1990,325,Advanced Micro Devices,Technology,Semiconductors and Other Electronic Components,1104.6,46.1,,,,HTTP://WWW.AMD.COM,2485 Augustine Dr. Santa Clara. CA 95054,Santa Clara,CA,95054,Santa Clara,37.383121,-121.970395
1990,1/1/1990,349,Western Digital,Technology,Computers& Office Equipment,993.8,34.3,,,,HTTPS://WWW.WDC.COM/,5601 Great Oaks Parkway,San Jose,CA,95119,Santa Clara,37.245766,-121.793345
2000,1/1/2000,13,HP,Technology,Computers& Office Equipment,48253,3491,,,,HTTPS://WWW8.HP.COM/US/EN/HOME.HTML,3000 HANOVER STREET,Palo Alto,CA,94304,Santa Clara,37.41467,-122.14572
2000,1/1/2000,35,Chevron,Energy,Petroleum Refining,32676,2070,,,,HTTPS://WWW.CHEVRON.COM/,6001 BOLLINGER CANYON ROAD,San Ramon,CA,94583,Contra Costa,37.75832,-121.95969
2000,1/1/2000,39,Intel,Technology,Semiconductors and Other Electronic Components,29389,7314,,,,HTTPS://WWW.INTEL.COM/CONTENT/WWW/US/EN/HOMEPAGE.HTML,2200 MISSION COLLEGE BOULEVARD,Santa Clara,CA,95054,Santa Clara,37.38851,-121.96375
2000,1/1/2000,68,Wells Fargo,Financials,Commercial Banks,21795,3747,,,,HTTPS://WWW.WELLSFARGO.COM/,420 MONTGOMERY STREET,San Francisco,CA,94163,San Francisco,37.7934,-122.4024
2000,1/1/2000,73,PG&E,Energy,Utilities: Gas and Electric,20820,-73,,,,HTTP://WWW.PGECORP.COM/CORP/INDEX.PAGE,77 BEALE STREET,San Francisco,CA,94105,San Francisco,37.79146,-122.39592
2000,1/1/2000,146,Cisco Systems,Technology,Network and Other Communications Equipment,12154,2096,,,,HTTPS://WWW.CISCO.COM/,170 WEST TASMAN DRIVE,San Jose,CA,95134,Santa Clara,37.40866,-121.9537
2000,1/1/2000,152,Gap,Retailing,Specialty Retailers: Apparel,11635.4,1127.1,,,,HTTPS://WWW.GAP.COM/,2 FOLSOM STREET,San Francisco,CA,94105,San Francisco,37.79086,-122.39103
2000,1/1/2000,195,Oracle,Technology,Computer Software,8827.3,1289.8,,,,HTTPS://WWW.ORACLE.COM/INDEX.HTML,500 ORACLE PARKWAY,Redwood City,CA,94065,San Mateo,37.53073,-122.26245
2000,1/1/2000,285,Apple,Technology,Computers& Office Equipment,6134,601,,,,HTTPS://WWW.APPLE.COM/,1 INFINITE LOOP,Cupertino,CA,95014,Santa Clara,37.33177,-122.03042
2000,1/1/2000,331,Applied Materials,Technology,Semiconductors and Other Electronic Components,4859.1,746.6,,,,HTTP://WWW.APPLIEDMATERIALS.COM/,3050 BOWERS AVENUE,Santa Clara,CA,95054,Santa Clara,37.37749,-121.9786
2000,1/1/2000,343,Charles Schwab,Financials,Securities,4713.2,588.9,,,,HTTPS://WWW.SCHWAB.COM/,211 MAIN STREET,San Francisco,CA,94105,San Francisco,37.79059,-122.3927
2000,1/1/2000,399,Clorox,Household Products,Household and Personal Products,4003,246,,,,HTTPS://WWW.THECLOROXCOMPANY.COM/,1221 BROADWAY,Oakland,CA,94612,Alameda,37.80348,-122.27237
2010,1/1/2010,3,Chevron,Energy,Petroleum Refining,163527,10483,,,,HTTPS://WWW.CHEVRON.COM/,6001 BOLLINGER CANYON ROAD,San Ramon,CA,94583,Contra Costa,37.75832,-121.95969
2010,1/1/2010,10,HP,Technology,Computers& Office Equipment,114552,7660,,,,HTTPS://WWW8.HP.COM/US/EN/HOME.HTML,3000 HANOVER STREET,Palo Alto,CA,94304,Santa Clara,37.41467,-122.14572
2010,1/1/2010,19,Wells Fargo,Financials,Commercial Banks,98636,12275,,,,HTTPS://WWW.WELLSFARGO.COM/,420 MONTGOMERY STREET,San Francisco,CA,94163,San Francisco,37.7934,-122.4024
2010,1/1/2010,56,Apple,Technology,Computers& Office Equipment,36537,5704,,,,HTTPS://WWW.APPLE.COM/,1 INFINITE LOOP,Cupertino,CA,95014,Santa Clara,37.33177,-122.03042
2010,1/1/2010,58,Cisco Systems,Technology,Network and Other Communications Equipment,36117,6134,,,,HTTPS://WWW.CISCO.COM/,170 WEST TASMAN DRIVE,San Jose,CA,95134,Santa Clara,37.40866,-121.9537
2010,1/1/2010,62,Intel,Technology,Semiconductors and Other Electronic Components,35127,4369,,,,HTTPS://WWW.INTEL.COM/CONTENT/WWW/US/EN/HOMEPAGE.HTML,2200 MISSION COLLEGE BOULEVARD,Santa Clara,CA,95054,Santa Clara,37.38851,-121.96375
2010,1/1/2010,105,Oracle,Technology,Computer Software,23252,5593,,,,HTTPS://WWW.ORACLE.COM/INDEX.HTML,500 ORACLE PARKWAY,Redwood City,CA,94065,San Mateo,37.53073,-122.26245
2010,1/1/2010,162,Gap,Retailing,Specialty Retailers: Apparel,14197,1102,,,,HTTPS://WWW.GAP.COM/,2 FOLSOM STREET,San Francisco,CA,94105,San Francisco,37.79086,-122.39103
2010,1/1/2010,173,PG&E,Energy,Utilities: Gas and Electric,13399,1220,,,,HTTP://WWW.PGECORP.COM/CORP/INDEX.PAGE,77 BEALE STREET,San Francisco,CA,94105,San Francisco,37.79146,-122.39592
2010,1/1/2010,267,eBay,Technology,Internet Services and Retailing,8727.4,2389.1,,,,HTTPS://WWW.EBAY.COM/,2025 HAMILTON AVENUE,San Jose,CA,95125,Santa Clara,37.295143,-121.92611
2010,1/1/2010,294,Synnex,Wholesalers,Wholesalers: Electronics and Office Equipment,7756.3,92.1,,,,HTTPS://WWW.SYNNEXCORP.COM/,44201 NOBEL DRIVE,Fremont,CA,94538,Alameda,37.49628,-121.97965
2010,1/1/2010,304,Western Digital,Technology,Computers& Office Equipment,7453,470,,,,HTTPS://WWW.WDC.COM/,5601 Great Oaks Parkway,San Jose,CA,95119,Santa Clara,37.245766,-121.793345
2010,1/1/2010,316,Ross Stores,Retailing,Specialty Retailers: Apparel,7184.2,442.8,,,,HTTPS://WWW.ROSSSTORES.COM/,5130 HACIENDA DRIVE,Dublin,CA,94568,Alameda,37.71041,-121.89039
2010,1/1/2010,324,Gilead Sciences,Health Care,Pharmaceuticals,7011.4,2635.8,,,,HTTPS://WWW.GILEAD.COM/,333 LAKESIDE DRIVE,Foster City,CA,94404,San Mateo,37.56714,-122.28188
2010,1/1/2010,326,Visa,Financial Data Services,Business Services,6911,2353,,,,HTTPS://USA.VISA.COM/,1 Market St. #600,San Francisco,CA,94404,San Francisco,37.793965,-122.394639
2010,1/1/2010,384,Clorox,Household Products,Household and Personal Products,5450,537,,,,HTTPS://WWW.THECLOROXCOMPANY.COM/,1221 BROADWAY,Oakland,CA,94612,Alameda,37.80348,-122.27237
2010,1/1/2010,390,Advanced Micro Devices,Technology,Semiconductors and Other Electronic Components,5403,376,,,,HTTP://WWW.AMD.COM,2485 Augustine Dr. Santa Clara. CA 95054,Santa Clara,CA,95054,Santa Clara,37.383121,-121.970395
2010,1/1/2010,405,Sanmina,Technology,Semiconductors and Other Electronic Components,5177.5,-136.2,,,,HTTP://WWW.SANMINA.COM/,2700 North First Street,San Jose,CA,95134,Santa Clara,37.390224,-121.929522
2010,1/1/2010,419,Core-Mark Holding,Wholesalers,Wholesalers: Food and Grocery,5015.6,47.3,,,,HTTPS://WWW.CORE-MARK.COM/,395 OYSTER POINT BOULEVARD SUITE 415,South San Francisco,CA,94080,San Mateo,37.667391,-122.383003
2010,1/1/2010,421,Applied Materials,Technology,Semiconductors and Other Electronic Components,5013.6,-305.3,,,,HTTP://WWW.APPLIEDMATERIALS.COM/,3050 BOWERS AVENUE,Santa Clara,CA,95054,Santa Clara,37.37749,-121.9786
2010,1/1/2010,460,Broadcom,Technology,Semiconductors and Other Electronic Components,4490.3,65.3,,,,HTTP://WWW.BROADCOM.COM,1320 Ridder Park Drive,San Jose,CA,95131,Santa Clara,37.38634,-121.90035
2010,1/1/2010,465,Charles Schwab,Financials,Securities,4414,787,,,,HTTPS://WWW.SCHWAB.COM/,211 MAIN STREET,San Francisco,CA,94105,San Francisco,37.79059,-122.3927
2010,1/1/2010,495,Franklin Resources,Financials,Securities,4194.1,896.8,,,,HTTP://WWW.FRANKLINRESOURCES.COM/CORP/HOME,1 FRANKLIN PARKWAY,San Mateo,CA,94403,San Mateo,37.54322,-122.29206
2019,1/1/2019,3,Apple,Technology,Computers& Office Equipment,265595,59531,365725,895667.4,132000,HTTPS://WWW.APPLE.COM/,1 INFINITE LOOP,Cupertino,CA,95014,Santa Clara,37.33177,-122.03042
2019,1/1/2019,11,Chevron,Energy,Petroleum Refining,166339,14824,253863,234049.7,48600,HTTPS://WWW.CHEVRON.COM/,6001 BOLLINGER CANYON ROAD,San Ramon,CA,94583,Contra Costa,37.75832,-121.95969
2019,1/1/2019,15,Alphabet,Technology,Internet Services and Retailing,136819,30736,232792,816824.2,98771,HTTPS://ABC.XYZ/,1600 AMPHITHEATRE PARKWAY,Mountain View,CA,94043,Santa Clara,37.42202,-122.08432
2019,1/1/2019,29,Wells Fargo,Financials,Commercial Banks,101060,22393,1895883,219467.1,258700,HTTPS://WWW.WELLSFARGO.COM/,420 MONTGOMERY STREET,San Francisco,CA,94163,San Francisco,37.7934,-122.4024
2019,1/1/2019,43,Intel,Technology,Semiconductors and Other Electronic Components,70848,21053,127963,241488.9,107400,HTTPS://WWW.INTEL.COM/CONTENT/WWW/US/EN/HOMEPAGE.HTML,2200 MISSION COLLEGE BOULEVARD,Santa Clara,CA,95054,Santa Clara,37.38851,-121.96375
2019,1/1/2019,55,HP,Technology,Computers& Office Equipment,58472,5327,34622,29795.9,55000,HTTPS://WWW8.HP.COM/US/EN/HOME.HTML,3000 HANOVER STREET,Palo Alto,CA,94304,Santa Clara,37.41467,-122.14572
2019,1/1/2019,57,Facebook,Technology,Internet Services and Retailing,55838,22112,97334,475731.6,35587,HTTPS://WWW.FACEBOOK.COM/,1601 WILLOW ROAD,Menlo Park,CA,94025,San Mateo,37.48229,-122.1504
2019,1/1/2019,64,Cisco Systems,Technology,Network and Other Communications Equipment,49330,110,108784,237665.5,74200,HTTPS://WWW.CISCO.COM/,170 WEST TASMAN DRIVE,San Jose,CA,95134,Santa Clara,37.40866,-121.9537
2019,1/1/2019,81,Oracle,Technology,Computer Software,39831,3825,137264,183562.2,137000,HTTPS://WWW.ORACLE.COM/INDEX.HTML,500 ORACLE PARKWAY,Redwood City,CA,94065,San Mateo,37.53073,-122.26245
2019,1/1/2019,102,Hewlett Packard Enterprise,Technology,Computers& Office Equipment,30852,1908,55493,21144.9,60000,HTTPS://WWW.HPE.COM/US/EN/HOME.HTML,3000 HANOVER STREET,Palo Alto,CA,94304,Santa Clara,37.41467,-122.14572
2019,1/1/2019,139,Gilead Sciences,Health Care,Pharmaceuticals,22127,5455,63675,82881,11000,HTTPS://WWW.GILEAD.COM/,333 LAKESIDE DRIVE,Foster City,CA,94404,San Mateo,37.56714,-122.28188
2019,1/1/2019,144,Tesla,Motor Vehicles & Parts,Motor Vehicles and Parts,21461.3,-976.1,29739.6,48337.8,48817,HTTPS://WWW.TESLA.COM/,3500 DEER CREEK ROAD,Palo Alto,CA,94304,Santa Clara,37.39455,-122.15025
2019,1/1/2019,150,Broadcom,Technology,Semiconductors and Other Electronic Components,20848,12259,50124,119034.7,15000,HTTP://WWW.BROADCOM.COM,1320 Ridder Park Drive,San Jose,CA,95131,Santa Clara,37.38634,-121.90035
2019,1/1/2019,152,Western Digital,Technology,Computers& Office Equipment,20647,675,29235,13978.3,71600,HTTPS://WWW.WDC.COM/,5601 Great Oaks Parkway,San Jose,CA,95119,Santa Clara,37.245766,-121.793345
2019,1/1/2019,153,Visa,Financial Data Services,Business Services,20609,10301,69225,343774.2,17000,HTTPS://USA.VISA.COM/,1 Market St. #600,San Francisco,CA,94404,San Francisco,37.793965,-122.394639
2019,1/1/2019,158,Synnex,Wholesalers,Wholesalers: Electronics and Office Equipment,20053.8,300.6,11480.4,4885.1,231600,HTTPS://WWW.SYNNEXCORP.COM/,44201 NOBEL DRIVE,Fremont,CA,94538,Alameda,37.49628,-121.97965
2019,1/1/2019,182,Applied Materials,Technology,Semiconductors and Other Electronic Components,17253,3313,17773,37652.9,21000,HTTP://WWW.APPLIEDMATERIALS.COM/,3050 BOWERS AVENUE,Santa Clara,CA,95054,Santa Clara,37.37749,-121.9786
2019,1/1/2019,183,PG&E,Energy,Utilities: Gas and Electric,16759,-6851,76995,9390.6,24000,HTTP://WWW.PGECORP.COM/CORP/INDEX.PAGE,77 BEALE STREET,San Francisco,CA,94105,San Francisco,37.79146,-122.39592
2019,1/1/2019,186,Gap,Retailing,Specialty Retailers: Apparel,16580,1003,8049,9911.7,135000,HTTPS://WWW.GAP.COM/,2 FOLSOM STREET,San Francisco,CA,94105,San Francisco,37.79086,-122.39103
2019,1/1/2019,197,Netflix,Media,Entertainment,15794.3,1211.2,25974.4,155673.6,7100,HTTPS://WWW.NETFLIX.COM/,100 WINCHESTER CIRCLE,Los Gatos,CA,95032,Santa Clara,37.25958,-121.96263
2019,1/1/2019,204,PayPal Holdings,Business Services,Financial Data Services,15451,2057,43332,121826.1,21800,HTTPS://INVESTOR.PAYPAL-CORP.COM/,2211 NORTH 1ST STREET,San Jose,CA,95131,Santa Clara,37.37627,-121.92257
2019,1/1/2019,209,Ross Stores,Retailing,Specialty Retailers: Apparel,14983.5,1587.5,6073.7,34501.8,88100,HTTPS://WWW.ROSSSTORES.COM/,5130 HACIENDA DRIVE,Dublin,CA,94568,Alameda,37.71041,-121.89039
2019,1/1/2019,240,Salesforce,Technology,Computer Software,13282,1110,30737,122103.3,35000,HTTPS://WWW.SALESFORCE.COM/,1 MARKET STREET. SUITE 300,San Francisco,CA,94105,San Francisco,37.79387,-122.39486
2019,1/1/2019,250,Core-Mark Holding,Wholesalers,Wholesalers: Food and Grocery,12903.9,45.5,1666.1,1703.2,8087,HTTPS://WWW.CORE-MARK.COM/,395 OYSTER POINT BOULEVARD SUITE 415,South San Francisco,CA,94080,San Mateo,37.667391,-122.383003
2019,1/1/2019,268,Nvidia,Technology,Semiconductors and Other Electronic Components,11716,4141,13292,108813.4,13277,HTTP://WWW.NVIDIA.COM/CONTENT/GLOBAL/GLOBAL.PHP,2788 SAN TOMAS EXPRESSWAY,Santa Clara,CA,95051,Santa Clara,37.37173,-121.96588
2019,1/1/2019,287,Lam Research,Technology,Semiconductors and Other Electronic Components,11077,2380.7,12479.5,27315.8,10900,HTTPS://WWW.LAMRESEARCH.COM/,4650 CUSHING PARKWAY,Fremont,CA,94538,Alameda,37.4886,-121.95694
2019,1/1/2019,289,Charles Schwab,Financials,Securities,10989,3507,296482,57051.3,19500,HTTPS://WWW.SCHWAB.COM/,211 MAIN STREET,San Francisco,CA,94105,San Francisco,37.79059,-122.3927
2019,1/1/2019,295,eBay,Technology,Internet Services and Retailing,10746,2530,22819,33978.7,14000,HTTPS://WWW.EBAY.COM/,2025 HAMILTON AVENUE,San Jose,CA,95125,Santa Clara,37.295143,-121.92611
2019,1/1/2019,339,Adobe,Technology,Computer Software,9030,2590.8,18768.7,130034,21357,HTTPS://WWW.ADOBE.COM/,345 Park Ave, San Jose,CA,95110,Santa Clara,37.330521,-121.894199
2019,1/1/2019,429,Sanmina,Technology,Semiconductors and Other Electronic Components,7110.1,-95.5,4085.1,1974.2,41200,HTTP://WWW.SANMINA.COM/,2700 North First Street,San Jose,CA,95134,Santa Clara,37.390224,-121.929522
2019,1/1/2019,460,Advanced Micro Devices,Technology,Semiconductors and Other Electronic Components,6475,337,4556,27601.5,10100,HTTP://WWW.AMD.COM,2485 Augustine Dr. Santa Clara. CA 95054,Santa Clara,CA,95054,Santa Clara,37.383121,-121.970395
2019,1/1/2019,467,Franklin Resources,Financials,Securities,6319.1,764.4,14383.5,16885.2,9691,HTTP://WWW.FRANKLINRESOURCES.COM/CORP/HOME,1 FRANKLIN PARKWAY,San Mateo,CA,94403,San Mateo,37.54322,-122.29206
2019,1/1/2019,477,Clorox,Household Products,Household and Personal Products,6124,823,5060,20565.2,8700,HTTPS://WWW.THECLOROXCOMPANY.COM/,1221 BROADWAY,Oakland,CA,94612,Alameda,37.80348,-122.27237
2019,1/1/2019,482,Intuit,Technology,Computer Software,5964,1211,5178,67724.3,8900,HTTP://WWW.INTUIT.COM,2700 Coast Ave.,Mountain View,CA,94043,Santa Clara,37.430819,-122.095989
2019,1/1/2019,483,NetApp,Technology,Computers& Office Equipment,5911,76,9865,17125.2,10300,HTTPS://WWW.NETAPP.COM/US/INDEX.ASPX,495 EAST JAVA DRIVE,Sunnyvale,CA,94089,Santa Clara,37.41266,-122.01133
2019,1/1/2019,490,Robert Half International,Business Services,Temporary Help,5800.3,434.3,1903.1,7759.2,18900,HTTPS://WWW.ROBERTHALF.COM/,2884 SAND HILL ROAD,Menlo Park,CA,94025,San Mateo,37.42176,-122.21504
2019,1/1/2019,495,Williams-Sonoma,Retailing,Specialty Retailers: Other,5671.6,333.7,2812.8,4434.8,19800,HTTP://WWW.WILLIAMS-SONOMAINC.COM,100 North Point St,San Francisco,CA,94133,San Francisco,37.807525,-122.409333
2019,1/1/2019,500,Levi Strauss,Apparel,Apparel,5575.4,283.1,3542.7,9207.8,15100,HTTP://WWW.LEVISTRAUSS.COM,1155 Battery St,San Francisco,CA,94111,San Francisco,37.8022,-122.402279
,,,,,,,,,,,,,,,,,,
,,,,,,,,,,,,,,,,,,
,,,,,,,,,,,,,,,,,,
,,,,,,,,,,,,,,,,,,
,,,,,,,,,,,,,,,,,,
,,,,,,,,,,,,,,,,,,
,,,,,,,,,,,,,,,,,,
,,,,,,,,,,,,,,,,,,
,,,,,,,,,,,,,,,,,,
,,,,,,,,,,,,,,,,,,
,,,,,,,,,,,,,,,,,,
,,,,,,,,,,,,,,,,,,
,,,,,,,,,,,,,,,,,,
,,,,,,,,,,,,,,,,,,
,,,,,,,,,,,,,,,,,,
,,,,,,,,,,,,,,,,,,
,,,,,,,,,,,,,,,,,,
,,,,,,,,,,,,,,,,,,
,,,,,,,,,,,,,,,,,,
,,,,,,,,,,,,,,,,,,
,,,,,,,,,,,,,,,,,,
,,,,,,,,,,,,,,,,,,
,,,,,,,,,,,,,,,,,,
,,,,,,,,,,,,,,,,,,
,,,,,,,,,,,,,,,,,,
,,,,,,,,,,,,,,,,,,
,,,,,,,,,,,,,,,,,,
,,,,,,,,,,,,,,,,,,
,,,,,,,,,,,,,,,,,,
,,,,,,,,,,,,,,,,,,
,,,,,,,,,,,,,,,,,,
,,,,,,,,,,,,,,,,,,
,,,,,,,,,,,,,,,,,,
,,,,,,,,,,,,,,,,,,
,,,,,,,,,,,,,,,,,,
,,,,,,,,,,,,,,,,,,
,,,,,,,,,,,,,,,,,,
,,,,,,,,,,,,,,,,,,
,,,,,,,,,,,,,,,,,,
,,,,,,,,,,,,,,,,,,
,,,,,,,,,,,,,,,,,,
,,,,,,,,,,,,,,,,,,
,,,,,,,,,,,,,,,,,,
,,,,,,,,,,,,,,,,,,
,,,,,,,,,,,,,,,,,,
,,,,,,,,,,,,,,,,,,
,,,,,,,,,,,,,,,,,,
,,,,,,,,,,,,,,,,,,
,,,,,,,,,,,,,,,,,,
,,,,,,,,,,,,,,,,,,
,,,,,,,,,,,,,,,,,,
,,,,,,,,,,,,,,,,,,
,,,,,,,,,,,,,,,,,,
,,,,,,,,,,,,,,,,,,
,,,,,,,,,,,,,,,,,,
,,,,,,,,,,,,,,,,,,
,,,,,,,,,,,,,,,,,,
,,,,,,,,,,,,,,,,,,
,,,,,,,,,,,,,,,,,,
,,,,,,,,,,,,,,,,,,
,,,,,,,,,,,,,,,,,,
,,,,,,,,,,,,,,,,,,
,,,,,,,,,,,,,,,,,,
,,,,,,,,,,,,,,,,,,
,,,,,,,,,,,,,,,,,,
,,,,,,,,,,,,,,,,,,
,,,,,,,,,,,,,,,,,,
,,,,,,,,,,,,,,,,,,
,,,,,,,,,,,,,,,,,,
,,,,,,,,,,,,,,,,,,
,,,,,,,,,,,,,,,,,,
,,,,,,,,,,,,,,,,,,
,,,,,,,,,,,,,,,,,,
,,,,,,,,,,,,,,,,,,
,,,,,,,,,,,,,,,,,,
,,,,,,,,,,,,,,,,,,
,,,,,,,,,,,,,,,,,,
,,,,,,,,,,,,,,,,,,
,,,,,,,,,,,,,,,,,,
,,,,,,,,,,,,,,,,,,
,,,,,,,,,,,,,,,,,,
,,,,,,,,,,,,,,,,,,
,,,,,,,,,,,,,,,,,,
,,,,,,,,,,,,,,,,,,
,,,,,,,,,,,,,,,,,,
,,,,,,,,,,,,,,,,,,
,,,,,,,,,,,,,,,,,,
,,,,,,,,,,,,,,,,,,
,,,,,,,,,,,,,,,,,,
,,,,,,,,,,,,,,,,,,
,,,,,,,,,,,,,,,,,,
,,,,,,,,,,,,,,,,,,
,,,,,,,,,,,,,,,,,,
,,,,,,,,,,,,,,,,,,
,,,,,,,,,,,,,,,,,,
,,,,,,,,,,,,,,,,,,
,,,,,,,,,,,,,,,,,,
,,,,,,,,,,,,,,,,,,
,,,,,,,,,,,,,,,,,,
,,,,,,,,,,,,,,,,,,
,,,,,,,,,,,,,,,,,,
,,,,,,,,,,,,,,,,,,
,,,,,,,,,,,,,,,,,,
,,,,,,,,,,,,,,,,,,
,,,,,,,,,,,,,,,,,,
,,,,,,,,,,,,,,,,,,
,,,,,,,,,,,,,,,,,,
,,,,,,,,,,,,,,,,,,
,,,,,,,,,,,,,,,,,,
,,,,,,,,,,,,,,,,,,
,,,,,,,,,,,,,,,,,,
,,,,,,,,,,,,,,,,,,
,,,,,,,,,,,,,,,,,,
,,,,,,,,,,,,,,,,,,
,,,,,,,,,,,,,,,,,,
,,,,,,,,,,,,,,,,,,
,,,,,,,,,,,,,,,,,,
,,,,,,,,,,,,,,,,,,
,,,,,,,,,,,,,,,,,,
,,,,,,,,,,,,,,,,,,
,,,,,,,,,,,,,,,,,,
,,,,,,,,,,,,,,,,,,
,,,,,,,,,,,,,,,,,,
,,,,,,,,,,,,,,,,,,
,,,,,,,,,,,,,,,,,,
,,,,,,,,,,,,,,,,,,
,,,,,,,,,,,,,,,,,,
,,,,,,,,,,,,,,,,,,
,,,,,,,,,,,,,,,,,,
,,,,,,,,,,,,,,,,,,
,,,,,,,,,,,,,,,,,,
,,,,,,,,,,,,,,,,,,
,,,,,,,,,,,,,,,,,,
,,,,,,,,,,,,,,,,,,
,,,,,,,,,,,,,,,,,,
,,,,,,,,,,,,,,,,,,
,,,,,,,,,,,,,,,,,,
,,,,,,,,,,,,,,,,,,
,,,,,,,,,,,,,,,,,,
,,,,,,,,,,,,,,,,,,
,,,,,,,,,,,,,,,,,,
,,,,,,,,,,,,,,,,,,
,,,,,,,,,,,,,,,,,,
,,,,,,,,,,,,,,,,,,
,,,,,,,,,,,,,,,,,,
,,,,,,,,,,,,,,,,,,
,,,,,,,,,,,,,,,,,,
,,,,,,,,,,,,,,,,,,
,,,,,,,,,,,,,,,,,,
,,,,,,,,,,,,,,,,,,
,,,,,,,,,,,,,,,,,,
,,,,,,,,,,,,,,,,,,
,,,,,,,,,,,,,,,,,,
,,,,,,,,,,,,,,,,,,
,,,,,,,,,,,,,,,,,,
,,,,,,,,,,,,,,,,,,
,,,,,,,,,,,,,,,,,,
,,,,,,,,,,,,,,,,,,
,,,,,,,,,,,,,,,,,,
,,,,,,,,,,,,,,,,,,
,,,,,,,,,,,,,,,,,,
,,,,,,,,,,,,,,,,,,
,,,,,,,,,,,,,,,,,,
,,,,,,,,,,,,,,,,,,
,,,,,,,,,,,,,,,,,,
,,,,,,,,,,,,,,,,,,
,,,,,,,,,,,,,,,,,,
,,,,,,,,,,,,,,,,,,
,,,,,,,,,,,,,,,,,,
,,,,,,,,,,,,,,,,,,
,,,,,,,,,,,,,,,,,,
,,,,,,,,,,,,,,,,,,
,,,,,,,,,,,,,,,,,,
,,,,,,,,,,,,,,,,,,
,,,,,,,,,,,,,,,,,,
,,,,,,,,,,,,,,,,,,
,,,,,,,,,,,,,,,,,,
,,,,,,,,,,,,,,,,,,
,,,,,,,,,,,,,,,,,,
,,,,,,,,,,,,,,,,,,
,,,,,,,,,,,,,,,,,,
,,,,,,,,,,,,,,,,,,
,,,,,,,,,,,,,,,,,,
,,,,,,,,,,,,,,,,,,
,,,,,,,,,,,,,,,,,,
,,,,,,,,,,,,,,,,,,
,,,,,,,,,,,,,,,,,,
,,,,,,,,,,,,,,,,,,
,,,,,,,,,,,,,,,,,,
,,,,,,,,,,,,,,,,,,
,,,,,,,,,,,,,,,,,,
,,,,,,,,,,,,,,,,,,
,,,,,,,,,,,,,,,,,,
,,,,,,,,,,,,,,,,,,
,,,,,,,,,,,,,,,,,,
,,,,,,,,,,,,,,,,,,
,,,,,,,,,,,,,,,,,,
,,,,,,,,,,,,,,,,,,
,,,,,,,,,,,,,,,,,,
,,,,,,,,,,,,,,,,,,
,,,,,,,,,,,,,,,,,,
,,,,,,,,,,,,,,,,,,
,,,,,,,,,,,,,,,,,,
,,,,,,,,,,,,,,,,,,
,,,,,,,,,,,,,,,,,,
,,,,,,,,,,,,,,,,,,
,,,,,,,,,,,,,,,,,,
,,,,,,,,,,,,,,,,,,
,,,,,,,,,,,,,,,,,,
,,,,,,,,,,,,,,,,,,
,,,,,,,,,,,,,,,,,,
,,,,,,,,,,,,,,,,,,
,,,,,,,,,,,,,,,,,,
,,,,,,,,,,,,,,,,,,
,,,,,,,,,,,,,,,,,,
,,,,,,,,,,,,,,,,,,
,,,,,,,,,,,,,,,,,,
,,,,,,,,,,,,,,,,,,
,,,,,,,,,,,,,,,,,,
,,,,,,,,,,,,,,,,,,
,,,,,,,,,,,,,,,,,,
,,,,,,,,,,,,,,,,,,
,,,,,,,,,,,,,,,,,,
,,,,,,,,,,,,,,,,,,
,,,,,,,,,,,,,,,,,,
,,,,,,,,,,,,,,,,,,
,,,,,,,,,,,,,,,,,,
,,,,,,,,,,,,,,,,,,
,,,,,,,,,,,,,,,,,,
,,,,,,,,,,,,,,,,,,
,,,,,,,,,,,,,,,,,,
,,,,,,,,,,,,,,,,,,
,,,,,,,,,,,,,,,,,,
,,,,,,,,,,,,,,,,,,
,,,,,,,,,,,,,,,,,,
,,,,,,,,,,,,,,,,,,
,,,,,,,,,,,,,,,,,,
,,,,,,,,,,,,,,,,,,
,,,,,,,,,,,,,,,,,,
,,,,,,,,,,,,,,,,,,
,,,,,,,,,,,,,,,,,,
,,,,,,,,,,,,,,,,,,
,,,,,,,,,,,,,,,,,,
,,,,,,,,,,,,,,,,,,
,,,,,,,,,,,,,,,,,,
,,,,,,,,,,,,,,,,,,
,,,,,,,,,,,,,,,,,,
,,,,,,,,,,,,,,,,,,
,,,,,,,,,,,,,,,,,,
,,,,,,,,,,,,,,,,,,
,,,,,,,,,,,,,,,,,,
,,,,,,,,,,,,,,,,,,
,,,,,,,,,,,,,,,,,,
,,,,,,,,,,,,,,,,,,
,,,,,,,,,,,,,,,,,,
,,,,,,,,,,,,,,,,,,
,,,,,,,,,,,,,,,,,,
,,,,,,,,,,,,,,,,,,
,,,,,,,,,,,,,,,,,,
,,,,,,,,,,,,,,,,,,
,,,,,,,,,,,,,,,,,,
,,,,,,,,,,,,,,,,,,
,,,,,,,,,,,,,,,,,,
,,,,,,,,,,,,,,,,,,
,,,,,,,,,,,,,,,,,,
,,,,,,,,,,,,,,,,,,
,,,,,,,,,,,,,,,,,,
,,,,,,,,,,,,,,,,,,
,,,,,,,,,,,,,,,,,,
,,,,,,,,,,,,,,,,,,
,,,,,,,,,,,,,,,,,,
,,,,,,,,,,,,,,,,,,
,,,,,,,,,,,,,,,,,,
,,,,,,,,,,,,,,,,,,
,,,,,,,,,,,,,,,,,,
,,,,,,,,,,,,,,,,,,
,,,,,,,,,,,,,,,,,,
,,,,,,,,,,,,,,,,,,
,,,,,,,,,,,,,,,,,,
,,,,,,,,,,,,,,,,,,
,,,,,,,,,,,,,,,,,,
,,,,,,,,,,,,,,,,,,
,,,,,,,,,,,,,,,,,,
,,,,,,,,,,,,,,,,,,
,,,,,,,,,,,,,,,,,,
,,,,,,,,,,,,,,,,,,
,,,,,,,,,,,,,,,,,,
,,,,,,,,,,,,,,,,,,
,,,,,,,,,,,,,,,,,,
,,,,,,,,,,,,,,,,,,
,,,,,,,,,,,,,,,,,,
,,,,,,,,,,,,,,,,,,
,,,,,,,,,,,,,,,,,,
,,,,,,,,,,,,,,,,,,
,,,,,,,,,,,,,,,,,,
,,,,,,,,,,,,,,,,,,
,,,,,,,,,,,,,,,,,,
,,,,,,,,,,,,,,,,,,
,,,,,,,,,,,,,,,,,,
,,,,,,,,,,,,,,,,,,
,,,,,,,,,,,,,,,,,,
,,,,,,,,,,,,,,,,,,
,,,,,,,,,,,,,,,,,,
,,,,,,,,,,,,,,,,,,
,,,,,,,,,,,,,,,,,,
,,,,,,,,,,,,,,,,,,
,,,,,,,,,,,,,,,,,,
,,,,,,,,,,,,,,,,,,
,,,,,,,,,,,,,,,,,,
,,,,,,,,,,,,,,,,,,
,,,,,,,,,,,,,,,,,,
,,,,,,,,,,,,,,,,,,
,,,,,,,,,,,,,,,,,,
,,,,,,,,,,,,,,,,,,
,,,,,,,,,,,,,,,,,,
,,,,,,,,,,,,,,,,,,
,,,,,,,,,,,,,,,,,,
,,,,,,,,,,,,,,,,,,
,,,,,,,,,,,,,,,,,,
,,,,,,,,,,,,,,,,,,
,,,,,,,,,,,,,,,,,,
,,,,,,,,,,,,,,,,,,
,,,,,,,,,,,,,,,,,,
,,,,,,,,,,,,,,,,,,
,,,,,,,,,,,,,,,,,,
,,,,,,,,,,,,,,,,,,
,,,,,,,,,,,,,,,,,,
,,,,,,,,,,,,,,,,,,
,,,,,,,,,,,,,,,,,,
,,,,,,,,,,,,,,,,,,
,,,,,,,,,,,,,,,,,,
,,,,,,,,,,,,,,,,,,
,,,,,,,,,,,,,,,,,,
,,,,,,,,,,,,,,,,,,
,,,,,,,,,,,,,,,,,,
,,,,,,,,,,,,,,,,,,
,,,,,,,,,,,,,,,,,,
,,,,,,,,,,,,,,,,,,
,,,,,,,,,,,,,,,,,,
,,,,,,,,,,,,,,,,,,
,,,,,,,,,,,,,,,,,,
,,,,,,,,,,,,,,,,,,
,,,,,,,,,,,,,,,,,,
,,,,,,,,,,,,,,,,,,
,,,,,,,,,,,,,,,,,,
,,,,,,,,,,,,,,,,,,
,,,,,,,,,,,,,,,,,,
,,,,,,,,,,,,,,,,,,
,,,,,,,,,,,,,,,,,,
,,,,,,,,,,,,,,,,,,
,,,,,,,,,,,,,,,,,,
,,,,,,,,,,,,,,,,,,
,,,,,,,,,,,,,,,,,,
,,,,,,,,,,,,,,,,,,
,,,,,,,,,,,,,,,,,,
,,,,,,,,,,,,,,,,,,
,,,,,,,,,,,,,,,,,,
,,,,,,,,,,,,,,,,,,
,,,,,,,,,,,,,,,,,,
,,,,,,,,,,,,,,,,,,
,,,,,,,,,,,,,,,,,,
,,,,,,,,,,,,,,,,,,
,,,,,,,,,,,,,,,,,,
,,,,,,,,,,,,,,,,,,
,,,,,,,,,,,,,,,,,,
,,,,,,,,,,,,,,,,,,
,,,,,,,,,,,,,,,,,,
,,,,,,,,,,,,,,,,,,
,,,,,,,,,,,,,,,,,,
,,,,,,,,,,,,,,,,,,
,,,,,,,,,,,,,,,,,,
,,,,,,,,,,,,,,,,,,
,,,,,,,,,,,,,,,,,,
,,,,,,,,,,,,,,,,,,
,,,,,,,,,,,,,,,,,,
,,,,,,,,,,,,,,,,,,
,,,,,,,,,,,,,,,,,,
,,,,,,,,,,,,,,,,,,
,,,,,,,,,,,,,,,,,,
,,,,,,,,,,,,,,,,,,
,,,,,,,,,,,,,,,,,,
,,,,,,,,,,,,,,,,,,
,,,,,,,,,,,,,,,,,,
,,,,,,,,,,,,,,,,,,
,,,,,,,,,,,,,,,,,,
,,,,,,,,,,,,,,,,,,
,,,,,,,,,,,,,,,,,,
,,,,,,,,,,,,,,,,,,
,,,,,,,,,,,,,,,,,,
,,,,,,,,,,,,,,,,,,
,,,,,,,,,,,,,,,,,,
,,,,,,,,,,,,,,,,,,
,,,,,,,,,,,,,,,,,,
,,,,,,,,,,,,,,,,,,
,,,,,,,,,,,,,,,,,,
,,,,,,,,,,,,,,,,,,
,,,,,,,,,,,,,,,,,,
,,,,,,,,,,,,,,,,,,
,,,,,,,,,,,,,,,,,,
,,,,,,,,,,,,,,,,,,
,,,,,,,,,,,,,,,,,,
,,,,,,,,,,,,,,,,,,
,,,,,,,,,,,,,,,,,,
,,,,,,,,,,,,,,,,,,
,,,,,,,,,,,,,,,,,,
,,,,,,,,,,,,,,,,,,
,,,,,,,,,,,,,,,,,,
,,,,,,,,,,,,,,,,,,
,,,,,,,,,,,,,,,,,,
,,,,,,,,,,,,,,,,,,
,,,,,,,,,,,,,,,,,,
,,,,,,,,,,,,,,,,,,
,,,,,,,,,,,,,,,,,,
,,,,,,,,,,,,,,,,,,
,,,,,,,,,,,,,,,,,,
,,,,,,,,,,,,,,,,,,
,,,,,,,,,,,,,,,,,,
,,,,,,,,,,,,,,,,,,
,,,,,,,,,,,,,,,,,,
,,,,,,,,,,,,,,,,,,
,,,,,,,,,,,,,,,,,,
,,,,,,,,,,,,,,,,,,
,,,,,,,,,,,,,,,,,,
,,,,,,,,,,,,,,,,,,
,,,,,,,,,,,,,,,,,,
,,,,,,,,,,,,,,,,,,
,,,,,,,,,,,,,,,,,,
,,,,,,,,,,,,,,,,,,
,,,,,,,,,,,,,,,,,,
,,,,,,,,,,,,,,,,,,
,,,,,,,,,,,,,,,,,,
,,,,,,,,,,,,,,,,,,
,,,,,,,,,,,,,,,,,,
,,,,,,,,,,,,,,,,,,
,,,,,,,,,,,,,,,,,,
,,,,,,,,,,,,,,,,,,
,,,,,,,,,,,,,,,,,,
,,,,,,,,,,,,,,,,,,
,,,,,,,,,,,,,,,,,,
,,,,,,,,,,,,,,,,,,
,,,,,,,,,,,,,,,,,,
,,,,,,,,,,,,,,,,,,
,,,,,,,,,,,,,,,,,,
,,,,,,,,,,,,,,,,,,
,,,,,,,,,,,,,,,,,,
,,,,,,,,,,,,,,,,,,
,,,,,,,,,,,,,,,,,,
,,,,,,,,,,,,,,,,,,
,,,,,,,,,,,,,,,,,,
,,,,,,,,,,,,,,,,,,
,,,,,,,,,,,,,,,,,,
,,,,,,,,,,,,,,,,,,
,,,,,,,,,,,,,,,,,,
,,,,,,,,,,,,,,,,,,
,,,,,,,,,,,,,,,,,,
,,,,,,,,,,,,,,,,,,
,,,,,,,,,,,,,,,,,,
,,,,,,,,,,,,,,,,,,
,,,,,,,,,,,,,,,,,,
,,,,,,,,,,,,,,,,,,
,,,,,,,,,,,,,,,,,,
,,,,,,,,,,,,,,,,,,
,,,,,,,,,,,,,,,,,,
,,,,,,,,,,,,,,,,,,
,,,,,,,,,,,,,,,,,,
,,,,,,,,,,,,,,,,,,
,,,,,,,,,,,,,,,,,,
,,,,,,,,,,,,,,,,,,
,,,,,,,,,,,,,,,,,,
,,,,,,,,,,,,,,,,,,
,,,,,,,,,,,,,,,,,,
,,,,,,,,,,,,,,,,,,
,,,,,,,,,,,,,,,,,,
,,,,,,,,,,,,,,,,,,
,,,,,,,,,,,,,,,,,,
,,,,,,,,,,,,,,,,,,
,,,,,,,,,,,,,,,,,,
,,,,,,,,,,,,,,,,,,
,,,,,,,,,,,,,,,,,,
,,,,,,,,,,,,,,,,,,
,,,,,,,,,,,,,,,,,,
,,,,,,,,,,,,,,,,,,
,,,,,,,,,,,,,,,,,,
,,,,,,,,,,,,,,,,,,
,,,,,,,,,,,,,,,,,,
,,,,,,,,,,,,,,,,,,
,,,,,,,,,,,,,,,,,,
,,,,,,,,,,,,,,,,,,
,,,,,,,,,,,,,,,,,,
,,,,,,,,,,,,,,,,,,
,,,,,,,,,,,,,,,,,,
,,,,,,,,,,,,,,,,,,
,,,,,,,,,,,,,,,,,,
,,,,,,,,,,,,,,,,,,
,,,,,,,,,,,,,,,,,,
,,,,,,,,,,,,,,,,,,
,,,,,,,,,,,,,,,,,,
,,,,,,,,,,,,,,,,,,
,,,,,,,,,,,,,,,,,,
,,,,,,,,,,,,,,,,,,
,,,,,,,,,,,,,,,,,,
,,,,,,,,,,,,,,,,,,
,,,,,,,,,,,,,,,,,,
,,,,,,,,,,,,,,,,,,
,,,,,,,,,,,,,,,,,,
,,,,,,,,,,,,,,,,,,
,,,,,,,,,,,,,,,,,,
,,,,,,,,,,,,,,,,,,
,,,,,,,,,,,,,,,,,,
,,,,,,,,,,,,,,,,,,
,,,,,,,,,,,,,,,,,,
,,,,,,,,,,,,,,,,,,
,,,,,,,,,,,,,,,,,,
,,,,,,,,,,,,,,,,,,
,,,,,,,,,,,,,,,,,,
,,,,,,,,,,,,,,,,,,
,,,,,,,,,,,,,,,,,,
,,,,,,,,,,,,,,,,,,
,,,,,,,,,,,,,,,,,,
,,,,,,,,,,,,,,,,,,
,,,,,,,,,,,,,,,,,,
,,,,,,,,,,,,,,,,,,
,,,,,,,,,,,,,,,,,,
,,,,,,,,,,,,,,,,,,
,,,,,,,,,,,,,,,,,,
,,,,,,,,,,,,,,,,,,
,,,,,,,,,,,,,,,,,,
,,,,,,,,,,,,,,,,,,
,,,,,,,,,,,,,,,,,,
,,,,,,,,,,,,,,,,,,
,,,,,,,,,,,,,,,,,,
,,,,,,,,,,,,,,,,,,
,,,,,,,,,,,,,,,,,,
,,,,,,,,,,,,,,,,,,
,,,,,,,,,,,,,,,,,,
,,,,,,,,,,,,,,,,,,
,,,,,,,,,,,,,,,,,,
,,,,,,,,,,,,,,,,,,
,,,,,,,,,,,,,,,,,,
,,,,,,,,,,,,,,,,,,
,,,,,,,,,,,,,,,,,,
,,,,,,,,,,,,,,,,,,
,,,,,,,,,,,,,,,,,,
,,,,,,,,,,,,,,,,,,
,,,,,,,,,,,,,,,,,,
,,,,,,,,,,,,,,,,,,
,,,,,,,,,,,,,,,,,,
,,,,,,,,,,,,,,,,,,
,,,,,,,,,,,,,,,,,,
,,,,,,,,,,,,,,,,,,
,,,,,,,,,,,,,,,,,,
,,,,,,,,,,,,,,,,,,
,,,,,,,,,,,,,,,,,,
,,,,,,,,,,,,,,,,,,
,,,,,,,,,,,,,,,,,,
,,,,,,,,,,,,,,,,,,
,,,,,,,,,,,,,,,,,,
,,,,,,,,,,,,,,,,,,
,,,,,,,,,,,,,,,,,,
,,,,,,,,,,,,,,,,,,
,,,,,,,,,,,,,,,,,,
,,,,,,,,,,,,,,,,,,
,,,,,,,,,,,,,,,,,,
,,,,,,,,,,,,,,,,,,
,,,,,,,,,,,,,,,,,,
,,,,,,,,,,,,,,,,,,
,,,,,,,,,,,,,,,,,,
,,,,,,,,,,,,,,,,,,
,,,,,,,,,,,,,,,,,,
,,,,,,,,,,,,,,,,,,
,,,,,,,,,,,,,,,,,,
,,,,,,,,,,,,,,,,,,
,,,,,,,,,,,,,,,,,,
,,,,,,,,,,,,,,,,,,
,,,,,,,,,,,,,,,,,,
,,,,,,,,,,,,,,,,,,
