Year,Year2,Rank,Name,Sector,Industry,Revenues,Profits,Assets,Market Value,Employees,Website,Address,City,State,ZIP,County,Latitude,Longitude
2019,2019-01-01,3,Apple,Technology,"Computers, Office Equipment","$265,595.00 ","$59,531.00 ","$365,725.00 ","$895,667.40 ","132,000",HTTPS://WWW.APPLE.COM/,1 INFINITE LOOP,Cupertino,CA,95014,Santa Clara,37.33177,-122.03042
2019,2019-01-01,11,Chevron,Energy,Petroleum Refining,"$166,339.00 ","$14,824.00 ","$253,863.00 ","$234,049.70 ","48,600",HTTPS://WWW.CHEVRON.COM/,6001 BOLLINGER CANYON ROAD,San Ramon,CA,94583,Contra Costa,37.75832,-121.95969
2019,2019-01-01,15,Alphabet,Technology,Internet Services and Retailing,"$136,819.00 ","$30,736.00 ","$232,792.00 ","$816,824.20 ","98,771",HTTPS://ABC.XYZ/,1600 AMPHITHEATRE PARKWAY,Mountain View,CA,94043,Santa Clara,37.42202,-122.08432
2019,2019-01-01,29,Wells Fargo,Financials,Commercial Banks,"$101,060.00 ","$22,393.00 ","$1,895,883.00 ","$219,467.10 ","258,700",HTTPS://WWW.WELLSFARGO.COM/,420 MONTGOMERY STREET,San Francisco,CA,94163,San Francisco,37.7934,-122.4024
2019,2019-01-01,43,Intel,Technology,Semiconductors and Other Electronic Components,"$70,848.00 ","$21,053.00 ","$127,963.00 ","$241,488.90 ","107,400",HTTPS://WWW.INTEL.COM/CONTENT/WWW/US/EN/HOMEPAGE.HTML,2200 MISSION COLLEGE BOULEVARD,Santa Clara,CA,95054,Santa Clara,37.38851,-121.96375
2019,2019-01-01,55,HP,Technology,"Computers, Office Equipment","$58,472.00 ","$5,327.00 ","$34,622.00 ","$29,795.90 ","55,000",HTTPS://WWW8.HP.COM/US/EN/HOME.HTML,3000 HANOVER STREET,Palo Alto,CA,94304,Santa Clara,37.41467,-122.14572
2019,2019-01-01,57,Facebook,Technology,Internet Services and Retailing,"$55,838.00 ","$22,112.00 ","$97,334.00 ","$475,731.60 ","35,587",HTTPS://WWW.FACEBOOK.COM/,1601 WILLOW ROAD,Menlo Park,CA,94025,San Mateo,37.48229,-122.1504
2019,2019-01-01,64,Cisco Systems,Technology,Network and Other Communications Equipment,"$49,330.00 ",$110.00 ,"$108,784.00 ","$237,665.50 ","74,200",HTTPS://WWW.CISCO.COM/,170 WEST TASMAN DRIVE,San Jose,CA,95134,Santa Clara,37.40866,-121.9537
2019,2019-01-01,81,Oracle,Technology,Computer Software,"$39,831.00 ","$3,825.00 ","$137,264.00 ","$183,562.20 ","137,000",HTTPS://WWW.ORACLE.COM/INDEX.HTML,500 ORACLE PARKWAY,Redwood City,CA,94065,San Mateo,37.53073,-122.26245
2019,2019-01-01,102,Hewlett Packard Enterprise,Technology,"Computers, Office Equipment","$30,852.00 ","$1,908.00 ","$55,493.00 ","$21,144.90 ","60,000",HTTPS://WWW.HPE.COM/US/EN/HOME.HTML,3000 HANOVER STREET,Palo Alto,CA,94304,Santa Clara,37.41467,-122.14572
2019,2019-01-01,139,Gilead Sciences,Health Care,Pharmaceuticals,"$22,127.00 ","$5,455.00 ","$63,675.00 ","$82,881.00 ","11,000",HTTPS://WWW.GILEAD.COM/,333 LAKESIDE DRIVE,Foster City,CA,94404,San Mateo,37.56714,-122.28188
2019,2019-01-01,144,Tesla,Motor Vehicles & Parts,Motor Vehicles and Parts,"$21,461.30 ",($976.10),"$29,739.60 ","$48,337.80 ","48,817",HTTPS://WWW.TESLA.COM/,3500 DEER CREEK ROAD,Palo Alto,CA,94304,Santa Clara,37.39455,-122.15025
2019,2019-01-01,150,Broadcom,Technology,Semiconductors and Other Electronic Components,"$20,848.00 ","$12,259.00 ","$50,124.00 ","$119,034.70 ","15,000",http://www.broadcom.com,1320 Ridder Park Drive,San Jose,CA,95131,Santa Clara,37.38634,-121.90035
2019,2019-01-01,152,Western Digital,Technology,"Computers, Office Equipment","$20,647.00 ",$675.00 ,"$29,235.00 ","$13,978.30 ","71,600",HTTPS://WWW.WDC.COM/,5601 Great Oaks Parkway,San Jose,CA,95119,Santa Clara,37.245766,-121.793345
2019,2019-01-01,153,Visa,Financial Data Services,Business Services,"$20,609.00 ","$10,301.00 ","$69,225.00 ","$343,774.20 ","17,000",HTTPS://USA.VISA.COM/,1 Market St. #600,San Francisco,CA,94404,San Francisco,37.793965,-122.394639
2019,2019-01-01,158,Synnex,Wholesalers,Wholesalers: Electronics and Office Equipment,"$20,053.80 ",$300.60 ,"$11,480.40 ","$4,885.10 ","231,600",HTTPS://WWW.SYNNEXCORP.COM/,44201 NOBEL DRIVE,Fremont,CA,94538,Alameda,37.49628,-121.97965
2019,2019-01-01,182,Applied Materials,Technology,Semiconductors and Other Electronic Components,"$17,253.00 ","$3,313.00 ","$17,773.00 ","$37,652.90 ","21,000",HTTP://WWW.APPLIEDMATERIALS.COM/,3050 BOWERS AVENUE,Santa Clara,CA,95054,Santa Clara,37.37749,-121.9786
2019,2019-01-01,183,PG&E,Energy,Utilities: Gas and Electric,"$16,759.00 ","($6,851.00)","$76,995.00 ","$9,390.60 ","24,000",HTTP://WWW.PGECORP.COM/CORP/INDEX.PAGE,77 BEALE STREET,San Francisco,CA,94105,San Francisco,37.79146,-122.39592
2019,2019-01-01,186,Gap,Retailing,Specialty Retailers: Apparel,"$16,580.00 ","$1,003.00 ","$8,049.00 ","$9,911.70 ","135,000",HTTPS://WWW.GAP.COM/,2 FOLSOM STREET,San Francisco,CA,94105,San Francisco,37.79086,-122.39103
2019,2019-01-01,197,Netflix,Media,Entertainment,"$15,794.30 ","$1,211.20 ","$25,974.40 ","$155,673.60 ","7,100",HTTPS://WWW.NETFLIX.COM/,100 WINCHESTER CIRCLE,Los Gatos,CA,95032,Santa Clara,37.25958,-121.96263
2019,2019-01-01,204,PayPal Holdings,Business Services,Financial Data Services,"$15,451.00 ","$2,057.00 ","$43,332.00 ","$121,826.10 ","21,800",HTTPS://INVESTOR.PAYPAL-CORP.COM/,2211 NORTH 1ST STREET,San Jose,CA,95131,Santa Clara,37.37627,-121.92257
2019,2019-01-01,209,Ross Stores,Retailing,Specialty Retailers: Apparel,"$14,983.50 ","$1,587.50 ","$6,073.70 ","$34,501.80 ","88,100",HTTPS://WWW.ROSSSTORES.COM/,5130 HACIENDA DRIVE,Dublin,CA,94568,Alameda,37.71041,-121.89039
2019,2019-01-01,240,salesforce.com,Technology,Computer Software,"$13,282.00 ","$1,110.00 ","$30,737.00 ","$122,103.30 ","35,000",HTTPS://WWW.SALESFORCE.COM/,1 MARKET STREET. SUITE 300,San Francisco,CA,94105,San Francisco,37.79387,-122.39486
2019,2019-01-01,250,Core-Mark Holding,Wholesalers,Wholesalers: Food and Grocery,"$12,903.90 ",$45.50 ,"$1,666.10 ","$1,703.20 ","8,087",HTTPS://WWW.CORE-MARK.COM/,395 OYSTER POINT BOULEVARD SUITE 415,South San Francisco,CA,94080,San Mateo,37.667391,-122.383003
2019,2019-01-01,268,Nvidia,Technology,Semiconductors and Other Electronic Components,"$11,716.00 ","$4,141.00 ","$13,292.00 ","$108,813.40 ","13,277",HTTP://WWW.NVIDIA.COM/CONTENT/GLOBAL/GLOBAL.PHP,2788 SAN TOMAS EXPRESSWAY,Santa Clara,CA,95051,Santa Clara,37.37173,-121.96588
2019,2019-01-01,287,Lam Research,Technology,Semiconductors and Other Electronic Components,"$11,077.00 ","$2,380.70 ","$12,479.50 ","$27,315.80 ","10,900",HTTPS://WWW.LAMRESEARCH.COM/,4650 CUSHING PARKWAY,Fremont,CA,94538,Alameda,37.4886,-121.95694
2019,2019-01-01,289,Charles Schwab,Financials,Securities,"$10,989.00 ","$3,507.00 ","$296,482.00 ","$57,051.30 ","19,500",HTTPS://WWW.SCHWAB.COM/,211 MAIN STREET,San Francisco,CA,94105,San Francisco,37.79059,-122.3927
2019,2019-01-01,295,eBay,Technology,Internet Services and Retailing,"$10,746.00 ","$2,530.00 ","$22,819.00 ","$33,978.70 ","14,000",HTTPS://WWW.EBAY.COM/,2025 HAMILTON AVENUE,San Jose,CA,95125,Santa Clara,37.295143,-121.92611
2019,2019-01-01,339,Adobe,Technology,Computer Software,"$9,030.00 ","$2,590.80 ","$18,768.70 ","$130,034.00 ","21,357",HTTPS://WWW.ADOBE.COM/,345 Park Ave, San Jose,CA,95110,Santa Clara,37.330521,-121.894199
2019,2019-01-01,429,Sanmina,Technology,Semiconductors and Other Electronic Components,"$7,110.10 ",($95.50),"$4,085.10 ","$1,974.20 ","41,200",HTTP://WWW.SANMINA.COM/,2700 North First Street,San Jose,CA,95134,Santa Clara,37.390224,-121.929522
2019,2019-01-01,460,Advanced Micro Devices,Technology,Semiconductors and Other Electronic Components,"$6,475.00 ",$337.00 ,"$4,556.00 ","$27,601.50 ","10,100","	http://www.amd.com","2485 Augustine Dr, Santa Clara, CA 95054",Santa Clara,CA,95054,Santa Clara,37.383121,-121.970395
2019,2019-01-01,467,Franklin Resources,Financials,Securities,"$6,319.10 ",$764.40 ,"$14,383.50 ","$16,885.20 ","9,691",HTTP://WWW.FRANKLINRESOURCES.COM/CORP/HOME,1 FRANKLIN PARKWAY,San Mateo,CA,94403,San Mateo,37.54322,-122.29206
2019,2019-01-01,477,Clorox,Household Products,Household and Personal Products,"$6,124.00 ",$823.00 ,"$5,060.00 ","$20,565.20 ","8,700",HTTPS://WWW.THECLOROXCOMPANY.COM/,1221 BROADWAY,Oakland,CA,94612,Alameda,37.80348,-122.27237
2019,2019-01-01,482,Intuit,Technology,Computer Software,"$5,964.00 ","$1,211.00 ","$5,178.00 ","$67,724.30 ","8,900","	http://www.intuit.com","2700 Coast Ave,",Mountain View,CA,94043,Santa Clara,37.430819,-122.095989
2019,2019-01-01,483,NetApp,Technology,"Computers, Office Equipment","$5,911.00 ",$76.00 ,"$9,865.00 ","$17,125.20 ","10,300",HTTPS://WWW.NETAPP.COM/US/INDEX.ASPX,495 EAST JAVA DRIVE,Sunnyvale,CA,94089,Santa Clara,37.41266,-122.01133
2019,2019-01-01,490,Robert Half International,Business Services,Temporary Help,"$5,800.30 ",$434.30 ,"$1,903.10 ","$7,759.20 ","18,900",HTTPS://WWW.ROBERTHALF.COM/,2884 SAND HILL ROAD,Menlo Park,CA,94025,San Mateo,37.42176,-122.21504
2019,2019-01-01,495,Williams-Sonoma,Retailing,Specialty Retailers: Other,"$5,671.60 ",$333.70 ,"$2,812.80 ","$4,434.80 ","19,800","	http://www.williams-sonomainc.com",100 North Point St,San Francisco,CA,94133,San Francisco,37.807525,-122.409333
2019,2019-01-01,500,Levi Strauss,Apparel,Apparel,"$5,575.40 ",$283.10 ,"$3,542.70 ","$9,207.80 ","15,100","	http://www.levistrauss.com",1155 Battery St,San Francisco,CA,94111,San Francisco,37.8022,-122.402279
2018,2018-01-01,4,Apple,Technology,"Computers, Office Equipment","$229,234.00 ","$48,351.00 ","$375,319.00 ","$851,317.90 ","123,000",HTTPS://WWW.APPLE.COM/,1 INFINITE LOOP,Cupertino,CA,95014,Santa Clara,37.33177,-122.03042
2018,2018-01-01,13,Chevron,Energy,Petroleum Refining,"$134,533.00 ","$9,195.00 ","$253,806.00 ","$217,845.30 ","51,900",HTTPS://WWW.CHEVRON.COM/,6001 BOLLINGER CANYON ROAD,San Ramon,CA,94583,Contra Costa,37.75832,-121.95969
2018,2018-01-01,22,Alphabet,Technology,Internet Services and Retailing,"$110,855.00 ","$12,662.00 ","$197,295.00 ","$719,123.60 ","80,110",HTTPS://ABC.XYZ/,1600 AMPHITHEATRE PARKWAY,Mountain View,CA,94043,Santa Clara,37.42202,-122.08432
2018,2018-01-01,26,Wells Fargo,Financials,Commercial Banks,"$97,741.00 ","$22,183.00 ","$1,951,757.00 ","$255,556.00 ","262,700",HTTPS://WWW.WELLSFARGO.COM/,420 MONTGOMERY STREET,San Francisco,CA,94163,San Francisco,37.7934,-122.4024
2018,2018-01-01,46,Intel,Technology,Semiconductors and Other Electronic Components,"$62,761.00 ","$9,601.00 ","$123,249.00 ","$243,109.40 ","102,700",HTTPS://WWW.INTEL.COM/CONTENT/WWW/US/EN/HOMEPAGE.HTML,2200 MISSION COLLEGE BOULEVARD,Santa Clara,CA,95054,Santa Clara,37.38851,-121.96375
2018,2018-01-01,58,HP,Technology,"Computers, Office Equipment","$52,056.00 ","$2,526.00 ","$32,913.00 ","$35,893.30 ","49,000",HTTPS://WWW8.HP.COM/US/EN/HOME.HTML,3000 HANOVER STREET,Palo Alto,CA,94304,Santa Clara,37.41467,-122.14572
2018,2018-01-01,62,Cisco Systems,Technology,Network and Other Communications Equipment,"$48,005.00 ","$9,609.00 ","$129,818.00 ","$206,623.30 ","72,900",HTTPS://WWW.CISCO.COM/,170 WEST TASMAN DRIVE,San Jose,CA,95134,Santa Clara,37.40866,-121.9537
2018,2018-01-01,76,Facebook,Technology,Internet Services and Retailing,"$40,653.00 ","$15,934.00 ","$84,524.00 ","$464,190.10 ","25,105",HTTPS://WWW.FACEBOOK.COM/,1601 WILLOW ROAD,Menlo Park,CA,94025,San Mateo,37.48229,-122.1504
2018,2018-01-01,82,Oracle,Technology,Computer Software,"$37,728.00 ","$9,335.00 ","$134,991.00 ","$186,765.80 ","138,000",HTTPS://WWW.ORACLE.COM/INDEX.HTML,500 ORACLE PARKWAY,Redwood City,CA,94065,San Mateo,37.53073,-122.26245
2018,2018-01-01,107,Hewlett Packard Enterprise,Technology,"Computers, Office Equipment","$28,871.00 ",$344 ,"$61,406.00 ","$27,243.20 ","66,000",HTTPS://WWW.HPE.COM/US/EN/HOME.HTML,3000 HANOVER STREET,Palo Alto,CA,94304,Santa Clara,37.41467,-122.14572
2018,2018-01-01,116,Gilead Sciences,Health Care,Pharmaceuticals,"$26,107.00 ","$4,628.00 ","$70,283.00 ","$98,297.30 ","10,000",HTTPS://WWW.GILEAD.COM/,333 LAKESIDE DRIVE,Foster City,CA,94404,San Mateo,37.56714,-122.28188
2018,2018-01-01,158,Western Digital,Technology,"Computers, Office Equipment","$19,093.00 ",$397 ,"$29,860.00 ","$27,455.90 ","67,629",HTTPS://WWW.WDC.COM/,5601 Great Oaks Parkway,San Jose,CA,95119,Santa Clara,37.245766,-121.793345
2018,2018-01-01,161,Visa,Financial Data Services,Business Services,"$18,358.00 ","$6,699.00 ","$67,977.00 ","$270,221.60 ","15,000",HTTPS://USA.VISA.COM/,1 Market St. #600,San Francisco,CA,94404,San Francisco,37.793965,-122.394639
2018,2018-01-01,168,PG&E,Energy,Utilities: Gas and Electric,"$17,135.00 ","$1,646.00 ","$68,012.00 ","$22,663.90 ","23,000",HTTP://WWW.PGECORP.COM/CORP/INDEX.PAGE,77 BEALE STREET,San Francisco,CA,94105,San Francisco,37.79146,-122.39592
2018,2018-01-01,169,Synnex,Wholesalers,Wholesalers: Electronics and Office Equipment,"$17,045.70 ",$301.20 ,"$7,698.50 ","$4,702.10 ","113,600",HTTPS://WWW.SYNNEXCORP.COM/,44201 NOBEL DRIVE,Fremont,CA,94538,Alameda,37.49628,-121.97965
2018,2018-01-01,181,Gap,Retailing,Specialty Retailers: Apparel,"$15,855.00 ",$848 ,"$7,989.00 ","$12,146.70 ","135,000",HTTPS://WWW.GAP.COM/,2 FOLSOM STREET,San Francisco,CA,94105,San Francisco,37.79086,-122.39103
2018,2018-01-01,201,Applied Materials,Technology,Semiconductors and Other Electronic Components,"$14,537.00 ","$3,434.00 ","$19,419.00 ","$58,428.70 ","18,400",HTTP://WWW.APPLIEDMATERIALS.COM/,3050 BOWERS AVENUE,Santa Clara,CA,95054,Santa Clara,37.37749,-121.9786
2018,2018-01-01,209,Ross Stores,Retailing,Specialty Retailers: Apparel,"$14,134.70 ","$1,362.80 ","$5,722.10 ","$29,799.70 ","82,700",HTTPS://WWW.ROSSSTORES.COM/,5130 HACIENDA DRIVE,Dublin,CA,94568,Alameda,37.71041,-121.89039
2018,2018-01-01,222,PayPal Holdings,Business Services,Financial Data Services,"$13,094.00 ","$1,795.00 ","$40,774.00 ","$91,056.20 ","18,700",HTTPS://INVESTOR.PAYPAL-CORP.COM/,2211 NORTH 1ST STREET,San Jose,CA,95131,Santa Clara,37.37627,-121.92257
2018,2018-01-01,247,Core-Mark Holding,Wholesalers,Wholesalers: Food and Grocery,"$12,225.00 ",$33.50 ,"$1,782.50 ",$981.20 ,"8,413",HTTPS://WWW.CORE-MARK.COM/,395 OYSTER POINT BOULEVARD SUITE 415,South San Francisco,CA,94080,San Mateo,37.667391,-122.383003
2018,2018-01-01,260,Tesla,Motor Vehicles & Parts,Motor Vehicles and Parts,"$11,758.80 ","($1,961.40)","$28,655.40 ","$44,954.70 ","37,543",HTTPS://WWW.TESLA.COM/,3500 DEER CREEK ROAD,Palo Alto,CA,94304,Santa Clara,37.39455,-122.15025
2018,2018-01-01,261,Netflix,Media,Entertainment,"$11,692.70 ",$558.90 ,"$19,012.70 ","$128,166.70 ","5,100",HTTPS://WWW.NETFLIX.COM/,100 WINCHESTER CIRCLE,Los Gatos,CA,95032,Santa Clara,37.25958,-121.96263
2018,2018-01-01,285,salesforce.com,Technology,Computer Software,"$10,480.00 ",$127.50 ,"$21,009.80 ","$85,073.50 ","29,000",HTTPS://WWW.SALESFORCE.COM/,1 MARKET STREET. SUITE 300,San Francisco,CA,94105,San Francisco,37.79387,-122.39486
2018,2018-01-01,306,Nvidia,Technology,Semiconductors and Other Electronic Components,"$9,714.00 ","$3,047.00 ","$11,241.00 ","$140,112.00 ","11,528",HTTP://WWW.NVIDIA.COM/CONTENT/GLOBAL/GLOBAL.PHP,2788 SAN TOMAS EXPRESSWAY,Santa Clara,CA,95051,Santa Clara,37.37173,-121.96588
2018,2018-01-01,309,eBay,Technology,Internet Services and Retailing,"$9,567.00 ","($1,016.00)","$25,981.00 ","$40,726.10 ","14,100",HTTPS://WWW.EBAY.COM/,2025 HAMILTON AVENUE,San Jose,CA,95125,Santa Clara,37.295143,-121.92611
2018,2018-01-01,330,Charles Schwab,Financials,Securities,"$8,960.00 ","$2,354.00 ","$243,274.00 ","$70,312.80 ","17,600",HTTPS://WWW.SCHWAB.COM/,211 MAIN STREET,San Francisco,CA,94105,San Francisco,37.79059,-122.3927
2018,2018-01-01,354,Lam Research,Technology,Semiconductors and Other Electronic Components,"$8,013.60 ","$1,697.80 ","$12,122.80 ","$33,105.40 ","9,400",HTTPS://WWW.LAMRESEARCH.COM/,4650 CUSHING PARKWAY,Fremont,CA,94538,Alameda,37.4886,-121.95694
2018,2018-01-01,389,Adobe,Technology,Computer Software,"$7,301.50 ","$1,694.00 ","$14,535.60 ","$106,413.00 ","17,973",HTTPS://WWW.ADOBE.COM/,345 Park Ave, San Jose,CA,95110,Santa Clara,37.330521,-121.894199
2018,2018-01-01,411,Sanmina,Technology,Semiconductors and Other Electronic Components,"$6,868.60 ",$138.80 ,"$3,847.40 ","$1,863.10 ","41,250",HTTP://WWW.SANMINA.COM/,2700 North First Street,San Jose,CA,95134,Santa Clara,37.390224,-121.929522
2018,2018-01-01,441,Franklin Resources,Financials,Securities,"$6,392.20 ","$1,696.70 ","$17,534.00 ","$19,133.10 ","9,386",HTTP://WWW.FRANKLINRESOURCES.COM/CORP/HOME,1 FRANKLIN PARKWAY,San Mateo,CA,94403,San Mateo,37.54322,-122.29206
2018,2018-01-01,468,Clorox,Household Products,Household and Personal Products,"$5,973.00 ",$701 ,"$4,573.00 ","$17,225.00 ","8,100",HTTPS://WWW.THECLOROXCOMPANY.COM/,1221 BROADWAY,Oakland,CA,94612,Alameda,37.80348,-122.27237
2018,2018-01-01,495,NetApp,Technology,"Computers, Office Equipment","$5,519.00 ",$509 ,"$9,493.00 ","$16,528.20 ","10,100",HTTPS://WWW.NETAPP.COM/US/INDEX.ASPX,495 EAST JAVA DRIVE,Sunnyvale,CA,94089,Santa Clara,37.41266,-122.01133
2017,2017-01-01,3,Apple,Technology,"Computers, Office Equipment","$215,639 ","$45,687 ","$321,686 ","$753,718 ","116,000",HTTPS://WWW.APPLE.COM/,1 INFINITE LOOP,Cupertino,CA,95014,Santa Clara,37.33177,-122.03042
2017,2017-01-01,19,Chevron,Energy,Petroleum Refining,"$107,567 ",($497),"$260,078 ","$203,263 ","55,200",HTTPS://WWW.CHEVRON.COM/,6001 BOLLINGER CANYON ROAD,San Ramon,CA,94583,Contra Costa,37.75832,-121.95969
2017,2017-01-01,25,Wells Fargo,Financials,Commercial Banks,"$94,176 ","$21,938 ","$1,930,115 ","$278,516 ","269,100",HTTPS://WWW.WELLSFARGO.COM/,420 MONTGOMERY STREET,San Francisco,CA,94163,San Francisco,37.7934,-122.4024
2017,2017-01-01,27,Alphabet,Technology,Internet Services and Retailing,"$90,272 ","$19,478 ","$167,497 ","$579,426 ","72,053",HTTPS://ABC.XYZ/,1600 AMPHITHEATRE PARKWAY,Mountain View,CA,94043,Santa Clara,37.42202,-122.08432
2017,2017-01-01,47,Intel,Technology,Semiconductors and Other Electronic Components,"$59,387 ","$10,316 ","$113,327 ","$170,539 ","106,000",HTTPS://WWW.INTEL.COM/CONTENT/WWW/US/EN/HOMEPAGE.HTML,2200 MISSION COLLEGE BOULEVARD,Santa Clara,CA,95054,Santa Clara,37.38851,-121.96375
2017,2017-01-01,59,Hewlett Packard Enterprise,Technology,"Computers, Office Equipment","$50,123 ","$3,161 ","$79,679 ","$39,288 ","195,000",HTTPS://WWW.HPE.COM/US/EN/HOME.HTML,3000 HANOVER STREET,Palo Alto,CA,94304,Santa Clara,37.41467,-122.14572
2017,2017-01-01,60,Cisco Systems,Technology,Network and Other Communications Equipment,"$49,247 ","$10,739 ","$121,652 ","$169,266 ","73,700",HTTPS://WWW.CISCO.COM/,170 WEST TASMAN DRIVE,San Jose,CA,95134,Santa Clara,37.40866,-121.9537
2017,2017-01-01,61,HP,Technology,"Computers, Office Equipment","$48,238 ","$2,496 ","$29,010 ","$30,231 ","49,000",HTTPS://WWW8.HP.COM/US/EN/HOME.HTML,3000 HANOVER STREET,Palo Alto,CA,94304,Santa Clara,37.41467,-122.14572
2017,2017-01-01,81,Oracle,Technology,Computer Software,"$37,047 ","$8,901 ","$112,180 ","$183,556 ","136,000",HTTPS://WWW.ORACLE.COM/INDEX.HTML,500 ORACLE PARKWAY,Redwood City,CA,94065,San Mateo,37.53073,-122.26245
2017,2017-01-01,92,Gilead Sciences,Health Care,Pharmaceuticals,"$30,390 ","$13,501 ","$56,977 ","$88,788 ","9,000",HTTPS://WWW.GILEAD.COM/,333 LAKESIDE DRIVE,Foster City,CA,94404,San Mateo,37.56714,-122.28188
2017,2017-01-01,98,Facebook,Technology,Internet Services and Retailing,"$27,638 ","$10,217 ","$64,961 ","$410,522 ","17,048",HTTPS://WWW.FACEBOOK.COM/,1601 WILLOW ROAD,Menlo Park,CA,94025,San Mateo,37.48229,-122.1504
2017,2017-01-01,157,PG&E,Energy,Utilities: Gas and Electric,"$17,666 ","$1,393 ","$68,598 ","$33,696 ","24,000",HTTP://WWW.PGECORP.COM/CORP/INDEX.PAGE,77 BEALE STREET,San Francisco,CA,94105,San Francisco,37.79146,-122.39592
2017,2017-01-01,178,Gap,Retailing,Specialty Retailers: Apparel,"$15,516 ",$676 ,"$7,610 ","$9,712 ","135,000",HTTPS://WWW.GAP.COM/,2 FOLSOM STREET,San Francisco,CA,94105,San Francisco,37.79086,-122.39103
2017,2017-01-01,187,Visa,Financial Data Services,Business Services,"$15,082 ","$5,991 ","$64,035 ","$206,242 ","14,200",HTTPS://USA.VISA.COM/,1 Market St. #600,San Francisco,CA,94404,San Francisco,37.793965,-122.394639
2017,2017-01-01,198,Synnex,Wholesalers,Wholesalers: Electronics and Office Equipment,"$14,062 ",$234.90 ,"$5,223 ","$4,469 ","110,000",HTTPS://WWW.SYNNEXCORP.COM/,44201 NOBEL DRIVE,Fremont,CA,94538,Alameda,37.49628,-121.97965
2017,2017-01-01,217,Western Digital,Technology,"Computers, Office Equipment","$12,994 ",$242 ,"$32,862 ","$23,775 ","72,878",HTTPS://WWW.WDC.COM/,5601 Great Oaks Parkway,San Jose,CA,95119,Santa Clara,37.245766,-121.793345
2017,2017-01-01,219,Ross Stores,Retailing,Specialty Retailers: Apparel,"$12,867 ","$1,117.70 ","$5,309 ","$25,814 ","78,600",HTTPS://WWW.ROSSSTORES.COM/,5130 HACIENDA DRIVE,Dublin,CA,94568,Alameda,37.71041,-121.89039
2017,2017-01-01,247,Core-Mark Holding,Wholesalers,Wholesalers: Food and Grocery,"$11,507 ",$54.20 ,"$1,497 ","$1,445 ","7,688",HTTPS://WWW.CORE-MARK.COM/,395 OYSTER POINT BOULEVARD SUITE 415,South San Francisco,CA,94080,San Mateo,37.667391,-122.383003
2017,2017-01-01,264,PayPal Holdings,Business Services,Financial Data Services,"$10,842 ","$1,401 ","$33,103 ","$51,650 ","18,100",HTTPS://INVESTOR.PAYPAL-CORP.COM/,2211 NORTH 1ST STREET,San Jose,CA,95131,Santa Clara,37.37627,-121.92257
2017,2017-01-01,265,Applied Materials,Technology,Semiconductors and Other Electronic Components,"$10,825 ","$1,721 ","$14,588 ","$42,005 ","16,150",HTTP://WWW.APPLIEDMATERIALS.COM/,3050 BOWERS AVENUE,Santa Clara,CA,95054,Santa Clara,37.37749,-121.9786
2017,2017-01-01,310,eBay,Technology,Internet Services and Retailing,"$8,979 ","$7,266 ","$23,847 ","$36,232 ","12,600",HTTPS://WWW.EBAY.COM/,2025 HAMILTON AVENUE,San Jose,CA,95125,Santa Clara,37.295143,-121.92611
2017,2017-01-01,314,Netflix,Media,Entertainment,"$8,831 ",$186.70 ,"$13,587 ","$63,619 ","3,850",HTTPS://WWW.NETFLIX.COM/,100 WINCHESTER CIRCLE,Los Gatos,CA,95032,Santa Clara,37.25958,-121.96263
2017,2017-01-01,326,salesforce.com,Technology,Computer Software,"$8,392 ",$179.60 ,"$17,585 ","$58,362 ","25,000",HTTPS://WWW.SALESFORCE.COM/,1 MARKET STREET. SUITE 300,San Francisco,CA,94105,San Francisco,37.79387,-122.39486
2017,2017-01-01,357,Charles Schwab,Financials,Securities,"$7,644 ","$1,889 ","$223,383 ","$54,555 ","16,200",HTTPS://WWW.SCHWAB.COM/,211 MAIN STREET,San Francisco,CA,94105,San Francisco,37.79059,-122.3927
2017,2017-01-01,383,Tesla,Motor Vehicles & Parts,Motor Vehicles and Parts,"$7,000 ",($674.90),"$22,664 ","$45,390 ","30,025",HTTPS://WWW.TESLA.COM/,3500 DEER CREEK ROAD,Palo Alto,CA,94304,Santa Clara,37.39455,-122.15025
2017,2017-01-01,387,Nvidia,Technology,Semiconductors and Other Electronic Components,"$6,910 ","$1,666 ","$9,841 ","$64,160 ","10,299",HTTP://WWW.NVIDIA.COM/CONTENT/GLOBAL/GLOBAL.PHP,2788 SAN TOMAS EXPRESSWAY,Santa Clara,CA,95051,Santa Clara,37.37173,-121.96588
2017,2017-01-01,405,Franklin Resources,Financials,Securities,"$6,618 ","$1,726.70 ","$16,099 ","$23,823 ","9,059",HTTP://WWW.FRANKLINRESOURCES.COM/CORP/HOME,1 FRANKLIN PARKWAY,San Mateo,CA,94403,San Mateo,37.54322,-122.29206
2017,2017-01-01,414,Sanmina,Technology,Semiconductors and Other Electronic Components,"$6,481 ",$187.80 ,"$3,625 ","$3,016 ","40,178",HTTP://WWW.SANMINA.COM/,2700 North First Street,San Jose,CA,95134,Santa Clara,37.390224,-121.929522
2017,2017-01-01,440,Lam Research,Technology,Semiconductors and Other Electronic Components,"$5,886 ",$914 ,"$12,272 ","$20,903 ","7,500",HTTPS://WWW.LAMRESEARCH.COM/,4650 CUSHING PARKWAY,Fremont,CA,94538,Alameda,37.4886,-121.95694
2017,2017-01-01,443,Adobe,Technology,Computer Software,"$5,854 ","$1,168.80 ","$12,707 ","$64,375 ","15,706",HTTPS://WWW.ADOBE.COM/,345 Park Ave, San Jose,CA,95110,Santa Clara,37.330521,-121.894199
2017,2017-01-01,453,Clorox,Household Products,Household and Personal Products,"$5,761 ",$648 ,"$4,518 ","$17,294 ","8,000",HTTPS://WWW.THECLOROXCOMPANY.COM/,1221 BROADWAY,Oakland,CA,94612,Alameda,37.80348,-122.27237
2017,2017-01-01,468,NetApp,Technology,"Computers, Office Equipment","$5,546 ",$229 ,"$10,037 ","$11,339 ","12,030",HTTPS://WWW.NETAPP.COM/US/INDEX.ASPX,495 EAST JAVA DRIVE,Sunnyvale,CA,94089,Santa Clara,37.41266,-122.01133
2017,,493,Robert Half International,Business Services,Temporary Help,"$5,250 ",$343.40 ,"$1,778 ","$6,240 ","16,400",HTTPS://WWW.ROBERTHALF.COM/,2884 SAND HILL ROAD,Menlo Park,CA,94025,San Mateo,37.42176,-122.21504